Facility Name,UNLOCODE,Facility SMDG Code,Facility BIC Code
DP WORLD JEBEL ALI - CT1,AEJEA,DPWJA,
DP WORLD JEBEL ALI - CT2,AEJEA,DPWJ2,
DP WORLD JEBEL ALI - CT3,AEJEA,DPWJ3,
DP WORLD JEBEL ALI - CT4,AEJEA,DPWJ4,
CSP ABU DHABI TERMINAL,AEKHL,CSP,
KHALIFA PORT CONTAINER TERMINAL,AEKHL,ADT,
KHORFAKKAN CONTAINER TERMINAL,AEKLF,KCTKLF,
SHARJAH CONTAINER TERMINAL,AESHJ,SHJSCT,
BOAVISTA TERMINAL,AOLAD,BOA,
TERMINAL MULTIUSO,AOLAD,MPT,
TERMINAL BAHIA BLANCA,ARBHI,TBB,
APM TERMINALS BUENOS AIRES T4,ARBUE,TERM4,
EXOLGAN CONTAINER TERMINAL BUENOS AIRES,ARBUE,EXOL,
HUTCHISON BACTSSA TERMINAL T5,ARBUE,BSAS,
TERMINALES RIO DE LA PLATA,ARBUE,TRP,
LAS PALMAS MOLCA,ARLPS,LPMOL,
COOTRAPORT LTDA,ARMDQ,COOTR,
PTO PUBLICO,ARPMY,PUPUB,
PUERTO DESEADO,ARPUD,PUDES,
TERMINAL ROSARIO,ARROS,TROSA,
TERMINAL SAN ANTONIO ESTE,ARSAE,TSP,
PATAGONIA LOGISTIC SOLUTIONS SA,ARUSH,PLS,
TERMINAL ZARATE,ARZAE,TZARA,
PORT OF PAGO-PAGO,ASPPG,PAGO,
FLINDERS ADELAIDE CONTAINER TERMINAL,AUADL,FLACT,
QUBE PORTS BELL BAY,AUBEL,CONBE,
AAT BRISBANE FISHERMAN ISLANDS CARGO TERMINAL,AUBNE,AATFI,
DP WORLD BRISBANE FISHERMAN ISLANDS,AUBNE,DPBNE,
HUTCHISON BRISBANE CONTAINER TERMINALS (BCT),AUBNE,HPAFI,
PATRICK BRISBANE AUTOSTRAD TERMINAL,AUBNE,PTFIT,
QUBE PORTS DARWIN,AUDRW,CONDW,
DP WORLD FREMANTLE,AUFRE,CONFR,
PATRICK FREMANTLE CONTAINER TERMINAL,AUFRE,ASLFR,
QUBE PORTS FREMANTLE,AUFRE,POPFRB,
AAT MELBOURNE APPLETON DOCK,AUMEL,AATAD,
DP WORLD WEST SWANSON DOCK TERMINAL,AUMEL,CONWS,
PATRICK EAST SWANSON DOCK TERMINAL,AUMEL,ASES1,
QUBE PORTS APPLETON DOCK,AUMEL,CONMEL,
VICT WEBB DOCK EAST,AUMEL,VICTM,
AAT PORT KEMBLA,AUPKL,AATPK,
DP WORLD SYDNEY,AUSYD,CTLPB,
HUTCHISON SYDNEY INTERNATIONAL CONTAINER TERMINAL (SICTL),AUSYD,HPAPB,
PATRICK SYDNEY AUTOSTRAD TERMINAL,AUSYD,ASLPB,
BARCADERA CONTAINER TERMINAL,AWORJ,AWBAR,
PORT OF ORANJESTAD,AWORJ,ASTEC,
CHITTAGONG PORT,BDCGP,BDPORT,
SAPL INLAND WATER CONTAINER TERMINAL,BDMUN,SAPLRT,
ANTWERP CONTAINER TERMINAL (K730),BEANR,ACOT,
ANTWERP EUROTERMINAL (K1329-K1347),BEANR,AET,
ANTWERP GATEWAY TERMINAL (K1700-K1710),BEANR,1700,
ASSOCIATED TERMINAL OPERATORS (K400),BEANR,K400,
BELGIAN NEW FRUIT WHARF (K184-K238),BEANR,BNFW,
CHURCHILL TERMINAL (K416-K430),BEANR,K420,
EUROPORTS CONTAINERS (K524),BEANR,K524,
MPET DEURGANCK DOCK EAST (K1718),BEANR,K1718,
MPET DEURGANCK DOCK WEST (K1742),BEANR,K1742,
PSA EUROPA TERMINAL (K869),BEANR,K869,
PSA NOORDZEE TERMINAL (K913),BEANR,K913,
CSP ZEEBRUGGE TERMINAL,BEZEE,CSPZ,
PSA ZEEBRUGGE TERMINAL,BEZEE,PSAZ,
BENIN TERMINAL,BJCOO,BTER,
TERMACO OCEAN TERMINAL,BRFOR,TOT,
TECON IMBITUBA SA,BRIBB,TECIB,
ITAPOA TERMINAIS PORTUARIOS S/A,BRIOA,ITP,
APM TERMINALS ITAJAI,BRITJ,BRAITJ,
CHIBATAO NAVEGACAO E COMERCIO LTDA,BRMAO,CHINC,
SUPER TERMINAIS,BRMAO,SUPER,
PORTONAVE SA TERMINAIS PORTUARIOS,BRNVT,PTP,
APM TERMINALS PECEM,BRPEC,BRAPEC,
TCP DE CONTEINERES DE PARANAGUA SA,BRPNG,TCP,
SUPERMAR SA,BRRIG,SUPMA,
TECON RIO GRANDE SA,BRRIG,TECRG,
ICTSI RIO BRASIL TERMINAL 1,BRRIO,LIBRJ,
MULTI RIO OPERACOES PORTUARIA SA,BRRIO,MROP,
TESC TERMINAL SANTA CATARINA SA,BRSFS,TESC,
PORT OF ITAQUI,BRSLZ,PCTN,
SEPETIBA TECON SA,BRSPB,TECSE,
TECON SALVADOR SA,BRSSA,TECSV,
BRASIL TERMINAL PORTUARIOS (BTP),BRSSZ,BTP,
ECOPORTO SANTOS,BRSSZ,ECOS,
EMBRAPORT,BRSSZ,EMBRA,
RODRIMAR SA TRANSP EQUIP INDUSTRIAL,BRSSZ,RODRI,
SANTOS BRASIL SA,BRSSZ,SSA,
TECON SUAPE SA,BRSUA,TECSU,
CONVICON,BRVDC,CONVI,
TERMINAL DE VILA VELHA SA,BRVIX,TDVV,
FAIRVIEW COVE CONTAINER TERMINAL,CAHAL,FCOVE,
SOUTH END CONTAINER TERMINAL,CAHAL,HAFXT,
CAST TERMINAL (SECTION 77),CAMTR,MGTCAS,
MAISONNEUVE TERMINAL (SECTION 68),CAMTR,TMTMAI,
RACINE TERMINAL (SECTION 62),CAMTR,MGTRAC,
VIAU TERMINAL (SECTION 52),CAMTR,VIAU,
FAIRVIEW CONTAINER TERMINAL,CAPRR,FCTPRR,
CENTENNIAL TERMINAL (CENTERM),CAVAN,CTM,
FRASER SURREY DOCKS,CAVAN,FSD,
GCT DELTAPORT,CAVAN,DLT,
GCT VANTERM,CAVAN,VTM,
CONGO TERMINAL POINTE NOIRE,CGPNR,CTPN,
VRIDI TERMINAL ABIDJAN,CIABJ,SETV1,
ATI ANTOFAGASTA,CLANF,ATI,
EPA ANTOFAGASTA,CLANF,EPA,
TERMINAL PACIFICO ARICA,CLARI,TPA,
PUERTO CORONEL,CLCNL,CPC,
ITI IQUIQUE,CLIQQ,ITI,
PUERTO LIRQUEN,CLLQN,PLIRQ,
PUERTO ANGAMOS,CLPAG,PANGA,
TERMINAL SANTOS MARDONES,CLPUQ,SMA,
PUERTO CENTRAL SAN ANTONIO,CLSAI,PCE,
STI SAN ANTONIO,CLSAI,STI,
SVTI SAN VICENTE OCEAN TERMINAL,CLSVE,SVTI,
EPV VALPARAISO,CLVAP,EPV,
TPS VALPARAISO,CLVAP,TPS,
CUNTAN TERMINAL,CNCQI,CUNTAN,
DALIAN CONTAINER TERMINAL,CNDAL,DPCT,
DA CHAN BAY TERMINAL ONE,CNDCB,DACHAN,
FUZHOU INTERNATIONAL CONTAINER TERMINAL,CNFZH,FICT,
FUZHOU QINGZHOU CONTAINER TERMINAL,CNFZH,FMP,
LIANYUNGANG NEW ORIENTAL INTERNATIONAL CONTAINER TERMINAL,CNLYG,LNOCT,
LYG-PSA CONTAINER TERMINAL,CNLYG,LPCT,
NINGBO BEILUN INTERNATIONAL CONTAINER TERMINAL (NBCT),CNNBO,BLCT1,
NINGBO BEILUN SECOND CONTAINER TERMINAL (NBSCT),CNNBO,BLCT2,
NINGBO BEILUN THIRD CONTAINER TERMINAL (BLTCT),CNNBO,BLTCT,
NINGBO DAXIE CHINA MERCHANTS INTERNATIONAL CONTAINER TERMINAL (CMICT),CNNBO,BLCT5,
NINGBO MEISHAN ISLAND INTERNATIONAL CONTAINER TERMINAL (MSICT),CNNBO,BLCT6,
NINGBO ZHENHAI CONTAINER TERMINAL (ZHCT),CNNBO,ZHCT,
ZHOUSHAN YONGZHOU CONTAINER TERMINAL (YZCT),CNNBO,YZCT7,
NANJING PORT LONGTAN,CNNJI,NPL,
GUANGZHOU SOUTH CHINA OCEANGATE CONTAINER TERMINAL (GOCT),CNNSA,NANS,
NANSHA CONTAINER TERMINAL PHASE I,CNNSA,NCT1,
NANSHA INTERNATIONAL CONTAINER TERMINAL (PHASE III),CNNSA,NICT,
QINGDAO NEW QIANWAN CONTAINER TERMINAL,CNQIN,QQCTN,
QINGDAO QIANWAN CONTAINER TERMINAL,CNQIN,QQCTX,
QINGDAO QIANWAN UNITED ADVANCE CONTAINER TERMINAL,CNQIN,QQCTUA,
QINGDAO QIANWAN UNITED CONTAINER TERMINAL,CNQIN,QQCTU,
RIZHAO PORT,CNRZH,XXXXX,
SHANGHAI EAST CONTAINER TERMINAL,CNSGH,SECT,
SHANGHAI GUANDONG INTERNATIONAL CONTAINER TERMINAL,CNSGH,SGICT,
SHANGHAI MINGDONG CONTAINER TERMINAL,CNSGH,SMCT,
SHANGHAI PUDONG INTERNATIONAL CONTAINER TERMINAL,CNSGH,SPICT,
SHANGHAI SHENGDONG INTERNATIONAL CONTAINER TERMINAL,CNSGH,SHENG,
SIPG SHANGDONG CONTAINER TERMINAL,CNSGH,SIPGSD,
SIPG ZHENDONG CONTAINER TERMINAL,CNSGH,WAIG,
CHIWAN CONTAINER TERMINAL (CCT),CNSHK,CCT,
MAWAN CHIWAN CONTAINER TERMINAL (MCT),CNSHK,MCT,
SHEKOU CONTAINER TERMINAL (SCT),CNSHK,SCT,
SHENZEN MAWAN HAIXING CONTAINER TERMINAL,CNSHK,SCMWH,
SHANTOU INTERNATIONAL CONTAINER TERMINAL,CNSTG,SICT,
TAICANG INTERNATIONAL CONTAINER TERMINAL (TICT),CNTAC,TIC,
TIANJIN PORT ALLIANCE INTERNATIONAL CONTAINER TERMINAL (TACT),CNTNJ,TACT1,
TIANJIN PORT CONTAINER TERMINAL (TCT),CNTNJ,THCC1,
TIANJIN PORT EUROASIA INTERNATIONAL CONTAINER TERMINAL (TECT),CNTNJ,TECT1,
TIANJIN PORT FIVE CONTINENTS INTERNATIONAL CONTAINER TERMINAL (FICT),CNTNJ,FICT1,
TIANJIN PORT ORIENT CONTAINER TERMINAL (TOCT),CNTNJ,ECTS1,
TIANJIN PORT PACIFIC INTERNATIONAL CONTAINER TERMINAL (TPCT),CNTNJ,TPCT1,
TIANJIN PORT SECOND CONTAINER TERMINAL (TSCT),CNTNJ,TSCT,
WEIHAI PORT,CNWEI,00001,
XIAMEN HAIRUN CONTAINER TERMINAL (XRCT),CNXAM,XRCT,
XIAMEN HAITIAN CONTAINER TERMINAL,CNXAM,XHCT,
XIAMEN HAITONG CONTAINER TERMINAL,CNXAM,XTCT,
XIAMEN INTERNATIONAL CONTAINER TERMINAL (XICT),CNXAM,XICT,
XIAMEN OCEAN GATE TERMINAL,CNXAM,XOGT,
XIAMEN SONGYU CONTAINER TERMINAL (XSCT),CNXAM,XSCT,
XIAMEN XIANGYU TERMINAL,CNXAM,XGYU,
YANTAI PORT INTERNATIONAL CONTAINER TERMINAL,CNYAT,YPCT,
YINGKOU PORT NO. 13 TERMINAL,CNYIK,13XXX,
YINGKOU PORT NO. 51 TERMINAL,CNYIK,51XXX,
YANTIAN INTERNATIONAL CONTAINER TERMINAL,CNYTN,YICT,
YANTIAN WEST CONTAINER TERMINAL,CNYTN,YICTW,
BARRANQUILLA CONTAINER TERMINAL (BCT),COBAQ,BCT,
PALERMO SOCIEDAD PORTUARIA,COBAQ,PSP,
SOCIEDAD PORTUARIA REGIONAL DE BARRANQUILLA,COBAQ,SPRBQ,
SOCIEDAD PUERTO INDUSTRIAL AGUADULCE,COBUN,SPIA,
TCBUEN S.A.,COBUN,TCBUN,
TERMINAL MARITIMO SOCIEDAD PORTUARIA REGIONAL (SPRBUN),COBUN,SPRBU,
COMPANIA DE PUERTOS ASOCIADO (COMPAS),COCTG,CTGTM,
SOCIEDAD PORTUARIA REGIONAL DE CARTAGENA (SPRC),COCTG,SPRC,
TERMINAL DE CONTENEDORES DE CARTAGENA (CONTECAR),COCTG,TCC,
SANTA MARTA INTERNATIONAL TERMINAL,COSMR,SMIT,
TURBO PORT,COTRB,TURBO,
SOCIEDAD PORTUARIA DE CALDERA S.A.,CRCAL,SPCAD,
HERNAN GARRON SALAZAR TERMINAL LIMON,CRLIO,JAPDE,
APM TERMINALS MOIN,CRMOB,APMT,
GASTON KOGAN KOGAN TERMINAL MOIN,CRMOB,TMOIN,
TERMINAL DE CONTENEDORES DE LA HABANA,CUHAV,HABA,
TERMINAL DE CONTENEDORES DE MARIEL,CUMAR,TCM,
CURACAO PORT SERVICES,CWWIL,CPS,
DP WORLD LIMASSOL,CYLMS,DPWLM,
EUROGATE CONTAINER TERMINAL LIMASSOL,CYLMS,EGL,
BLG AUTOTERMINAL BREMERHAVEN,DEBRV,BLG,
EUROGATE CONTAINER TERMINAL BREMERHAVEN,DEBRV,EGB,
MSC GATE BREMERHAVEN,DEBRV,MSCBH,
NORTH SEA TERMINAL BREMERHAVEN (NTB),DEBRV,NTB,
EUROGATE CONTAINER TERMINAL HAMBURG,DEHAM,EGH,
HHLA CONTAINER TERMINAL ALTENWERDER (CTA),DEHAM,CTA,
HHLA CONTAINER TERMINAL BURCHARDKAI (CTB),DEHAM,CTB,
HHLA CONTAINER TERMINAL TOLLERORT (CTT),DEHAM,CTT,
HHLA FRUCHT- UND KUEHL-ZENTRUM,DEHAM,FRU,
RHENUS MIDGARD HAMBURG,DEHAM,RMH,
SUD-WEST TERMINAL,DEHAM,SWT,
UNIKAI - UCT (O'SWALDKAI),DEHAM,UCT,
EUROGATE CONTAINER TERMINAL WILHELMSHAVEN,DEWVN,EGW,
AALBORG CONTAINER TERMINAL,DKAAL,DKACT,
APM TERMINALS AARHUS,DKAAR,APMT,
CMP CONTAINER TERMINAL COPENHAGEN,DKCPH,CMPDK,
FREDERICIA CONTAINER TERMINAL,DKFRC,FCT,
APM TERMINALS KALUNDBORG,DKKAL,APMT,
KALUNDBORG CONTAINER TERMINAL,DKKAL,DKKAL,
DP WORLD CAUCEDO,DOCAU,DPCAU,
HAINA INTERNATIONAL TERMINALS,DOHAI,HIT,
"COASTAL PETROLEUM DOMINICANA, PUERTO LA CANA",DOSPM,PLC,
ENTREPRISE PORTUAIRE D'ALGER (EPAL),DZALG,EPAL,
ENTREPRISE PORTUAIRE D'ORAN (EPO),DZORN,EPO,
CONTECON GUAYAQUIL,ECGYE,CONTE,
TERMINAL BANANAPUERTO,ECGYE,BANA,
TERMINAL PORTUARIO FERTISA,ECGYE,FERPOR,
TPG - TERMINAL PORTUARIO GUAYAQUIL (INARPI),ECGYE,TPG,
YILPORT TERMINAL PUERTO BOLIVAR,ECPBO,ECPBO,
DP WORLD POSORJA,ECPSJ,DPWPSJ,
TK MUUGA CONTAINER TERMINAL,EEMUG,TKM,
ACHC ALEXANDRIA,EGALY,ACHC,
ACHC EL DEKHEILA,EGALY,DEKHEI,
AICT ALEXANDRIA,EGALY,AICT,
AICT EL DEKHEILA,EGALY,ALEXAN,
DAMIETTA CONTAINER & HANDLING - DCHC,EGDAM,DCHC,
PORT SAID CONTR & CARGO HANDLING (PSCCHC),EGPSD,PSCCH,
SUEZ CANAL CONTAINER TERMINAL (SCCT),EGPSD,SCCT,
DP WORLD SOKHNA,EGSOK,DPWSOK,
"PORT OF ARRECIFE, LANZAROTE",ESACE,LMM,
MALAGA TERMINAL,ESAGP,NOATM,
APM TERMINALS ALGECIRAS,ESALG,APM,
TOTAL TERMINAL INTERNATIONAL ALGECIRAS,ESALG,TTI,
BARCELONA EUROPE SOUTH TERMINAL (BEST),ESBCN,BEST,
CONTAINER TERMINAL BARCELONA (TCB),ESBCN,TCB,
TERMINAL PORT NOU,ESBCN,PNOU3,
BERGE MARITIMA BILBAO (EX MARITIMA CANDINA),ESBIO,BMB,
CSP SPAIN BILBAO TERMINAL,ESBIO,NOATB,
"CONCASA CONTAINER TERMINAL, REINA SOFIA QUAY",ESCAD,TCD,
TERMINAL MARITIMA DE CARTAGENA (TMC),ESCAR,TMC,
DIQUE DE PONIENTE CEUTA,ESCEU,CETRU,
TERMINAL GIJON,ESGIJ,TEGIJ,
HUELVA CONTAINER TERMINAL,ESHUV,PDH,
TERMINALES MARITIMOS DE GALICIA (TMGA),ESLCG,TMGA,
BOLUDA MARITIME TERMINAL LA LUZ,ESLPA,LALUZ,
"OPERACIONES PORTUARIAS, S.A.",ESLPA,OPCSA,
MELILLA PORT,ESMLN,EPN,
MARIN PORT TERMINAL,ESMPG,MPT,
"INTERSAGUNTO TERMINALES, S.A.",ESSAG,INTERS,
BOLUDA MARITIME TERMINAL TENERIFE,ESSCT,CAPSA,
CONTAINER TERMINAL TENERIFE (TCT),ESSCT,ESTCT,
DP WORLD TARRAGONA,ESTAR,DPWTA,
FRUPORT TARRAGONA,ESTAR,FRUPO,
TERMINALES MARITIMAS DE VIGO (TERMAVI),ESVGO,TMI,
APM TERMINALS VALENCIA (TCV),ESVLC,TCV,
CSP SPAIN VALENCIA TERMINAL,ESVLC,NOATV,
MSC TERMINAL VALENCIA,ESVLC,MSCVC,
MULTI-LINK TERMINAL VUOSAARI,FIHEL,MLTHEL,
"VUOSAARI HARBOUR, EAST QUAY",FIHEL,FSHVU,
"VUOSAARI HARBOUR, WEST QUAY",FIHEL,FIVCT,
PORT OF HAMINA,FIHMN,FIHMN,
ALL WEATHER TERMINAL KOKKOLA,FIKOK,AWT,
SILVERSTONE PORT,FIKOK,STE,
KOTKA CONTAINER TERMINAL,FIKTK,FIKCT,
MULTI-LINK TERMINAL KOTKA,FIKTK,MLTKTK,
RORO TERMINAL HIETANEN,FIKTK,FIHIE,
MANTYLUOTO (PORT OF PORI),FIMTY,FHCL,
RAUMA PORT,FIRAU,REU,
TURKU PANSIO HARBOUR,FITKU,FSTP,
TURKU WEST HARBOUR,FITKU,FSTW,
PORT OF SUVA,FJSUV,POSU,
TERMINAL DES FLANDRES,FRDKK,TDF,
EUROFOS,FRFOS,EURFO,
SEAYARD,FRFOS,SEYA,
"TERMINAL DE FRANCE, QUAI DU HAVRE",FRLEH,TDF,
"TERMINAL DE L'ATLANTIQUE, QUAI DE L'ATLANTIQUE",FRLEH,QATL,
TERMINAL DE NORMANDIE MSC (TNMSC),FRLEH,TMS,
"TERMINAL NORD, QUAI DE L'EUROPE",FRLEH,EUP,
"TERMINAL NORD, QUAI DES AMERIQUES",FRLEH,AMQ,
TERMINAL PORTE OCEANE,FRLEH,TPO,
TERMINAL DU GRAND OUEST MONTOIR,FRMTX,TGO,
NEW GABON INTERNATIONAL PORT OWENDO,GAOWE,NGI,
VICTORIA TERMINAL 3 (VT3),GBBEL,VIC3,
DOOLEY RORO TERMINAL,GBFXT,DLY,
LANDGUARD TERMINAL,GBFXT,LNG,
TRINITY TERMINAL,GBFXT,TTY,
GRANGEMOUTH TERMINAL,GBGRG,GBGR,
CLYDEPORT CONTAINER TERMINAL,GBGRK,CLYDE,
QUEEN ELIZABETH DOCK,GBHUL,HCT,
LONDON GATEWAY,GBLGP,DPWLG,
LIVERPOOL2 CONTAINER TERMINAL,GBLIV,L2CT,
ROYAL SEAFORTH CONTAINER TERMINAL (RSCT),GBLIV,RSCT,
LONDON THAMESPORT CONTAINER TERMINAL,GBRCS,LTP,
DP WORLD SOUTHAMPTON,GBSOU,DPWS,
TEESPORT CONTAINER TERMINAL,GBTEE,TEES,
LONDON CONTAINER TERMINAL,GBTIL,LCT,
APM TERMINALS POTI,GEPTI,APMT,
MERIDIAN PORT SERVICES,GHTEM,MPS,
MERIDIAN PORT SERVICES (MPS) TERMINAL 3,GHTEM,MPS3,
TEMA MAIN HARBOUR,GHTEM,GPHA,
TAKORADI PORT,GHTKD,TKD1,
"GIBRALTAR NORTH MOLE, BERTH 6",GIGIB,GIBNM,
PIRAEUS CONTAINER TERMINAL,GRPIR,GRPCT,
PIRAEUS PORT AUTHORITY,GRPIR,PPA,
THESSALONIKI PORT AUTHORITY,GRSKG,THPASA,
TERMINAL FERROVIARIA PUERTO BARRIOS,GTPBR,TFPB,
EMPRESA PORTUARIA QUETZAL,GTPRQ,EPQEZ,
TERMINAL DE CONTENEDORES QUETZAL (TCQ),GTPRQ,TCQ,
EMPRESA PORTUARIA NACIONAL TERMINAL,GTSTC,EPSTC,
ASIA CONTAINER TERMINALS (ACT),HKHKG,ACTHK,
CHINA MERCHANTS CONTAINER SERVICES,HKHKG,CMC,
COSCO-HIT (CHT),HKHKG,CHTHK,
DP WORLD HONG KONG - CT3,HKHKG,DPWHK,
HONG KONG INTERNATIONAL TERMINALS (HIT),HKHKG,HITHK,
HONG KONG MODERN TERMINALS (MTL),HKHKG,MTLHK,
RIVER TRADE TERMINAL (RTT),HKHKG,RTT,
WEALTH FAIR CONTAINER SERVICES,HKHKG,WFC,
EMPRESA NACIONAL PORTUARIA,HNPCR,ENPCR,
EMPRESA NACIONAL PORTUARIA,HNSLO,ENPSL,
ADRIATIC GATE CONTAINER TERMINAL (AGCT),HRRJK,AGCT,
PORT-AU-PRINCE CONTAINER TERMINAL (PAPCT),HTPAP,PAPCT,
TERMINAL VARREUX BOLLORE PORT-AU-PRINCE (TVB),HTPAP,TVB,
TRISAKTI PORT BANJARMASIN,IDBDJ,PERUMP,
PORT OF BATU AMPAR,IDBTM,AMPAR,
CONVENTIONAL TANJUNG PRIOK PORT,IDJKT,KADE,
JAKARTA INTERNATIONAL CONTAINER TERMINAL (UTC1),IDJKT,UTC1,
KOJA CONTAINER TERMINAL (UTC3),IDJKT,UTC3,
NEW PRIOK CONTAINER TERMINAL ONE,IDJKT,NPCT1,
TERMINAL MUSTIKA ALAM LESTARI (MAL),IDJKT,T300,
TERMINAL PETIKEMAS PALEMBANG BOOM BARU,IDPLM,BOOMBA,
BERLIAN JASA TERMINAL INDONESIA (BJTI),IDSUB,BJTI,
TERMINAL PETIKEMAS SURABAYA (TPS),IDSUB,TPS,
DUBLIN FERRYPORT TERMINAL,IEDUB,DFP,
MARINE TERMINALS LTD,IEDUB,MTL,
P&O EUROPEAN FERRIES TERMINAL,IEDUB,POEURO,
PORTROE TERMINAL,IEDUB,PORTRO,
CORK CONTAINER TERMINAL,IEORK,CCT,
RINGASKIDDY DEEPWATER TERMINAL,IEORK,RDT,
TIVOLI TERMINAL,IEORK,TIVO,
"ASHDOD PORT CO., LTD.",ILASH,APCL,
HADAROM CONTAINER TERMINAL,ILASH,HCT,
HAIFA BAYPORT TERMINAL,ILHFA,BAYP,
"HAIFA PORT CO., LTD.",ILHFA,HPCL,
KOLKATA DOCK SYSTEM (KDS),INCCU,CALCUT,
KOCHI INTERNATIONAL CONTAINER TRANSSHIPMENT TERMINAL (ICTT),INCOK,ICTT,
ADANI ENNORE CONTAINER TERMINAL,INENR,AECTPL,
NEW MANGALORE PORT,INIXE,NMPT,
CHENNAI CONTAINER TERMINAL (CCTL),INMAA,CCTL,
CHENNAI INTERNATIONAL CONTAINER TERMINAL (CITPL),INMAA,CITPL,
ADANI CMA MUNDRA CONTAINER TERMINAL (ACMTPL),INMUN,ACMTPL,
ADANI INTERNATIONAL CONTAINER TERMINAL (AICTPL),INMUN,AICTPL,
ADANI MUNDRA CONTAINER TERMINAL (AMCT),INMUN,AMCT,
MUNDRA INTERNATIONAL CONTAINER TERMINAL (MICT),INMUN,MICT,
BHARAT MUMBAI CONTAINER TERMINALS,INNSA,BMCT,
GATEWAY TERMINALS INDIA (GTI),INNSA,GTICI,
JAWAHARLAL NEHRU PORT CONTAINER TERMINAL (JNPCT),INNSA,JNPCT,
NHAVA SHEVA (INDIA) GATEWAY TERMINAL (NSIGT),INNSA,NSIGT,
NHAVA SHEVA INTERNATIONAL CONTAINER TERMINAL (NSICT),INNSA,NSICT,
APM TERMINALS PIPAVAV,INPPV,APMT,
DAKSHIN BHARAT GATEWAY TERMINAL,INTUT,DBGT,
PSA SICAL TERMINAL,INTUT,PSASIC,
VISAKHA CONTAINER TERMINAL,INVTZ,VCT,
BASRA GATEWAY TERMINAL EAST,IQUQR,BGTE,
BASRA GATEWAY TERMINAL WEST,IQUQR,BGTW,
BASRA MULTIPURPOSE TERMINAL (BMT),IQUQR,BMT,
IRAQ CONTAINER TERMINAL (ICT),IQUQR,ICT,
KLEPPSBAKKI,ISREY,SUNDA,
ADRIATIC CONTAINER TERMINAL,ITAOI,ACT,
ADRIATIC SERVICES ENTERPRISE ANCONA,ITAOI,ASE,
CICT CAGLIARI INTERNATIONAL CONTAINER TERMINAL,ITCAG,CICT,
GRENDI TERMINAL CAGLIARI,ITCAG,GREN,
EST TERMINAL CATANIA,ITCTA,EST,
CIVITAVECCHIA FRUIT & FOREST TERMINAL,ITCVV,CFFT,
ROMA TERMINAL CONTAINER,ITCVV,RTC,
MCT MEDCENTER CONTAINER TERMINAL,ITGIT,MCT,
GENOA PORT TERMINAL,ITGOA,GPT,
INTERMODAL MARINE TERMINAL,ITGOA,MESSIN,
SECH TERMINAL,ITGOA,SECH,
TERMINAL SAN GIORGIO - PONTE LIBIA,ITGOA,TSG,
VOLTRI TERMINAL EUROPA - PORTO DI PRA,ITGOA,VTE,
TERMINAL ALTO FONDALE,ITLIV,TAFLIV,
TERMINAL DARSENA TOSCANA (TDT),ITLIV,TDT,
TERMINAL DOCK ETRUSCHI,ITLIV,IMP,
TERMINAL LORENZINI,ITLIV,LOREN,
TERMINAL CONATECO,ITNAP,CONA,
TERMINAL FLAVIO GIOIA,ITNAP,TERMIN,
SETRAMAR TERMINAL,ITRAN,SETRA,
TERMINAL CONTAINER RAVENNA,ITRAN,TCR,
SALERNO CONTAINER TERMINAL,ITSAL,SCT,
LA SPEZIA CONTAINER TERMINAL (LSCT),ITSPE,LSCT,
TERMINAL DEL GOLFO (TDG),ITSPE,TDG,
HHLA PLT ITALY,ITTRS,PLT,
TRIESTE MARINE TERMINAL (TMT),ITTRS,TMT,
TERMINAL INTERMODALE VENEZIA,ITVCE,TIV,
VECON - CONTAINER TERMINAL,ITVCE,VECON,
VADO GATEWAY TERMINAL,ITVDL,VGT,
VADO REEFER TERMINAL,ITVDL,REEF,
KINGSTON CONTAINER TERMINAL,JMKIN,KCT,
KINGSTON WHARVES,JMKIN,KWL,
AQABA CONTAINER TERMINAL,JOAQJ,ACT,
NICHINAN EAST PUBLIC WHARF NO. 9,JPABU,EPW9,
GAIKO -13M NO. 1 BERTH,JPAXT,CG20C,
OHAMA -10M,JPAXT,CO10M,
CHIBA CHUOFUTO NO. G BERTH,JPCHB,CHUGC,
FUKUYAMA PORT INTERNATIONAL CONTAINER TERMINAL,JPFKY,FICT,
"HATTARO WHARF NO. 2, BERTH J",JPHHE,HT01C,
"HITACHINAKA MINATO, KITAFUTOU B BERTH",JPHIC,HN02C,
HIROSHIMA PORT INTERNATIONAL CONTAINER TERMINAL,JPHIJ,HICT,
KAITA CONTAINER TERMINAL,JPHIJ,KAIC,
HAKOZAKI WHARF NO. 5 BERTH,JPHKT,KB05C,
ISLAND CITY CONTAINER TERMINAL,JPHKT,HIC,
KASHII PARK CONTAINER TERMINAL,JPHKT,KSI,
FUKUIFUTO NO. 3-4 WHARF,JPHMD,HAFKF,
SHIRAHAMA INTERNATIONAL CONTAINER TERMINAL,JPHSM,SICT,
"HITACHI MINATO, NO. 4 WHARF, C/D BERTH",JPHTC,HTDAI,
TOMITA NO. 1/2 BERTH,JPIMB,TOM,
NANATSUJIMA KITA NO. 1 BERTH,JPIMI,NS05C,
BANNAGURO INTERNATIONAL CONTAINER TRANSPORT BASE,JPISI,BNG,
SHINMINATO SOUTH BERTH (-10M),JPIWK,SI10C,
MISATO NO. 7-1 WHARF,JPKCZ,MG01C,
MISATO NO. 7-2 WHARF,JPKCZ,MG02C,
NIIGATA WORLD TRADE TERMINAL (N-WTT),JPKIJ,EWC,
KAMAISHI PUBLIC WHARF,JPKIS,KPW,
KUMAMOTO CONTAINER TERMINAL,JPKMJ,KCT,
GOKUDEN WHARF,JPKNZ,GG01C,
TOMIZU WHARF,JPKNZ,TG01C,
KOMATSUSHIMA CONTAINER TERMINAL,JPKOM,KMCT,
KASHIMA NORTH PUBLIC WHARF,JPKSM,NPW,
KASHIMA SOUTH PUBLIC WHARF (MINAMIKOUKYOU) BERTH H,JPKSM,MK08C,
KAWASAKI CONTAINER TERMINAL NO. 1 WHARF,JPKWS,KHC1C,
"MAIZURU NO. 2 WHARF, NO. 2 BERTH",JPMAI,KB09C,
MIZUSHIMA PORT INTERNATIONAL CONTAINER TERMINAL,JPMIZ,MICT,
TAMASHIMA FOREIGN TRADE WHARF NO. 1 BERTH,JPMIZ,TE01C,
TAMASHIMA HARBOR ISLAND NO. 4 BERTH,JPMIZ,TH04C,
KAMINO PIER NO. 7 WHARF,JPMKW,TJ07C,
KANEKO INTERNATIONAL CONTAINER TERMINAL,JPMKX,KNCT,
MURAMATSU BERTH NO. 8,JPMKX,MM8,
HIBIKI CONTAINER TERMINAL,JPMOJ,HBK,
KOKURA RORO TERMINAL,JPMOJ,KHC,
TACHINOURA CONTAINER TERMINAL NO. 1,JPMOJ,TAC1,
TACHINOURA CONTAINER TERMINAL NO. 2,JPMOJ,TAC2,
TANOURA RORO TERMINAL,JPMOJ,TNC,
SAKIMORI NO. 1-7 BERTHS,JPMUR,SAC,
MATSUYAMA PORT CONTAINER TERMINAL,JPMYJ,MPCT,
SHINKOH PIER,JPNAH,SFC,
NAKANOSEKI WHARF,JPNAN,NKS,
EAST PIER NO. 4 BERTH,JPNAO,EP04C,
KINJO PIER (RORO),JPNGO,KJC,
"NABETA PIER CONTAINER TERMINAL, T1/2/3",JPNGO,NCT,
"NCB CONTAINER TERMINAL, R1/2/3",JPNGO,NCB,
"TOBISHIMA PIER NORTH CONTAINER TERMINAL, W90/91/92",JPNGO,TNT,
"TOBISHIMA PIER SOUTH CONTAINER TERMINAL, W93/94",JPNGO,TST,
"TOBISHIMA PIER SOUTH SIDE CONTAINER TERMINAL, TS1/2",JPNGO,TCB,
"KOGAKURA PIER, YANAGI NISHI BERTH (-12M)",JPNGS,KY14C,
OZAI CONTAINER TERMINAL,JPOIT,OCT,
OMAEZAKI INTERNATIONAL CONTAINER TERMINAL,JPOMZ,OZCT,
OTSURUGI WHARF NO. 4 BERTH,JPONA,OU04C,
SAKISHIMA CONTAINER TERMINAL C-1,JPOSA,OC1,
SAKISHIMA CONTAINER TERMINAL C-2,JPOSA,OC2,
SAKISHIMA CONTAINER TERMINAL C-3/4,JPOSA,OC34,
SAKISHIMA CONTAINER TERMINAL C-6,JPOSA,OC6,
SAKISHIMA CONTAINER TERMINAL C-7,JPOSA,OC7,
SAKISHIMA CONTAINER TERMINAL C-8,JPOSA,OC8,
SAKISHIMA CONTAINER TERMINAL C-9,JPOSA,OC9,
YUMESHIMA CONTAINER TERMINAL C-10,JPOSA,OC10,
YUMESHIMA CONTAINER TERMINAL C-11,JPOSA,OC11,
YUMESHIMA CONTAINER TERMINAL C-12,JPOSA,OC12,
OTAKE HIGASHISAKAE WHARF,JPOTK,OHW,
SUKEMATSU WHARF NO. 8 PIER,JPSBK,SKM,
GAIKOCHIKU D GANPEKI,JPSBS,GG06C,
SHINWAKAHAMA INTERNATIONAL CONTAINER TERMINAL,JPSBS,SWCT,
TAKASAGO PIER NO. 1 BERTH,JPSGM,SC01C,
TAKASAGO NO. 2 QUAY,JPSKT,TS02C,
SHOWA SOUTH NO. 2 BERTH,JPSMN,GS02C,
SHOWA SOUTH NO. 3 BERTH,JPSMN,GS03C,
NISHIHAMA NO. 5 BERTH,JPSMT,WM32C,
SHIN-OKITSU CONTAINER TERMINAL,JPSMZ,OKT,
SODESHI CONTAINER TERMINAL,JPSMZ,SDE,
JINNO WHARF NO. 8,JPTHS,TJ8C,
HARUMI WHARF,JPTKY,HAR,
TOMAKOMAI INTERNATIONAL CONTAINER TERMINAL,JPTMK,TICT,
KAWASAKI MATSUEI B BERTH,JPTRG,TK02C,
KAWASAKI MATSUEI C BERTH,JPTRG,TK22C,
TSURUGA MULTIPURPOSE INTERNATIONAL TERMINAL,JPTRG,TMIT,
SENDAI WHARF NO. 1,JPTTJ,SG21C,
SENDAI WHARF NO. 3,JPTTJ,SG17C,
AOMI CONTAINER TERMINAL BERTH NO. 0/1/2,JPTYO,AOO,
AOMI CONTAINER TERMINAL BERTH NO. 3,JPTYO,AOH,
AOMI CONTAINER TERMINAL BERTH NO. 4,JPTYO,AOE,
CHUO BOUHATEI Y1 CONTAINER TERMINAL,JPTYO,CBY1,
CHUO BOUHATEI Y2 CONTAINER TERMINAL,JPTYO,CBY2,
OHI CONTAINER TERMINAL BERTH NO. 1/2,JPTYO,OHK,
OHI CONTAINER TERMINAL BERTH NO. 3/4,JPTYO,OHM,
OHI CONTAINER TERMINAL BERTH NO. 5,JPTYO,OHA,
OHI CONTAINER TERMINAL BERTH NO. 6/7,JPTYO,OHN,
SHINAGAWA CONTAINER TERMINAL,JPTYO,SHG,
SHIBANAKA BERTH NO. 1,JPUBJ,SF01C,
SHIBANAKA WEST WHARF (SHIBANAKANISI),JPUBJ,SWW,
"KAMIGUMI KOBE CONTAINER TERMINAL (KGCT), PC-18",JPUKB,KCT,
PORT ISLAND M BERTH,JPUKB,PIM,
PORT ISLAND PC-13,JPUKB,PC13,
PORT ISLAND PC-14,JPUKB,PC14,
PORT ISLAND PC-15,JPUKB,PC15,
PORT ISLAND PC-16/17,JPUKB,PC16,
ROKKO ISLAND RC-2,JPUKB,RC2,
ROKKO ISLAND RC-4,JPUKB,RC4,
ROKKO ISLAND RC-5,JPUKB,RC5,
ROKKO ISLAND RC-6/7,JPUKB,RC6,
ROKKO ISLAND RWX,JPUKB,RWX,
ROKKO ISLAND SOUTH B/C BERTH,JPUKB,RSBC,
SUEHIRO PIER EAST,JPWKJ,SE01C,
"KASUMIGAURA NORTH PIER, W80",JPYKK,KSN,
"KASUMIGAURA SOUTH PIER, W26/W27",JPYKK,KSS,
APM TERMINALS YOKOHAMA (MC1-MC4),JPYOK,APMYOK,
DAIKOKU CONTAINER TERMINAL C-3,JPYOK,DC3,
DAIKOKU CONTAINER TERMINAL C-4,JPYOK,DC4,
DAIKOKU CONTAINER TERMINAL T-9,JPYOK,DT9,
HONMOKU CONTAINER TERMINAL A-5.6,JPYOK,HA5,
HONMOKU CONTAINER TERMINAL A-6.7,JPYOK,HA6,
HONMOKU CONTAINER TERMINAL BC,JPYOK,HBC,
HONMOKU CONTAINER TERMINAL D-1,JPYOK,HD1,
HONMOKU CONTAINER TERMINAL D-4,JPYOK,HD4,
HONMOKU CONTAINER TERMINAL D-5,JPYOK,HD5,
MINAMI-HONMOKU CONTAINER TERMINAL MC-3,JPYOK,MHM,
MOMBASA CONTAINER TERMINAL,KEMBA,MCT,
SIHANOUKVILLE PORT,KHKOS,SPA,
E1 CONTAINER TERMINAL,KRINC,E1CTC,
HANJIN INCHEON CONTAINER TERMINAL (HJIT),KRINC,HJITC,
INCHEON CONTAINER TERMINAL (ICT),KRINC,ICTPC,
SUNKWANG NEWPORT CONTAINER TERMINAL (SNCT),KRINC,SNCTC,
GWANGYANG WEST CONTAINER TERMINAL,KRKAN,GWCT,
KOREA INTERNATIONAL CONTAINER TERMINAL,KRKAN,KIT,
SM GWANGYANG TERMINAL,KRKAN,GIGCT,
POHANG INTERNATIONAL CONTAINER TERMINAL (PICT),KRKPO,PICTC,
PYEONGTAEK CONTAINER TERMINAL,KRPTK,PCTCC,
PYEONGTAEK DONGBANG I-PORT,KRPTK,PNCTC,
BUSAN NEW CONTAINER TERMINAL (BNCT),KRPUS,BNCT,
BUSAN PORT TERMINAL (BPT),KRPUS,KBCT,
DONGBU PUSAN CONTAINER TERMINAL (DPCT),KRPUS,DPCT,
HANJIN BUSAN NEW PORT CO. (HJNC),KRPUS,HJNC,
HANJIN BUSAN NEW PORT CO. (HJNC),KRBNP,HJNC,
HUTCHISON BUSAN CONTAINER TERMINAL (HBCT),KRPUS,HBCT,
PSA HYUNDAI PUSAN NEW-PORT TERMINAL (HPNT),KRPUS,HPNT,
PUSAN NEW PORT CO. (PNC),KRPUS,PNC,
PUSAN NEW PORT INTERNATIONAL TERMINAL (PNIT),KRPUS,PNP,
JEONG IL ULSAN CONTAINER TERMINAL,KRUSN,JUCTC,
ULSAN NEWPORT CONTAINER TERMINAL (UNCT),KRUSN,UDITC,
SHUAIBA CONTAINER TERMINAL,KWSAA,SAACT,
SHUWAIKH CONTAINER TERMINAL,KWSWK,SWKCT,
BEIRUT CONTAINER TERMINAL CONSORTIUM (BCTC),LBBEY,BCTC,
COLOMBO INTERNATIONAL CONTAINER TERMINAL,LKCMB,CICT,
JAYA CONTAINER TERMINAL,LKCMB,LKJCT,
SOUTH ASIA GATEWAY TERMINALS (SAGT),LKCMB,SAGT,
UNITY CONTAINER TERMINAL,LKCMB,LKUCT,
KLAIPEDA CONTAINER TERMINAL,LTKLJ,KKT,
KLAIPEDA SMELTE CONTAINER TERMINAL (KSCT),LTKLJ,KAS,
BALTIC CONTAINER TERMINAL RIGA,LVRIX,BCT,
RIGA CONTAINER TERMINAL (RIGACT),LVRIX,RCT,
RIGA UNIVERSAL TERMINAL,LVRIX,RUT,
CONTAINER TERMINAL EST,MACAS,EST,
SOMAPORT,MACAS,SOMAP,
APM TERMINALS TANGIER,MAPTM,APMT,
APM TERMINALS TANGIER MEDPORT 2,MAPTM,APM2,
EUROGATE TANGIER,MAPTM,EURTN,
TANGER ALLIANCE TERMINAL,MAPTM,TAT,
AHLONE INTERNATIONAL PORT TERMINAL 1,MMRGN,AIPT1,
ASIA WORLD PORT TERMINAL,MMRGN,AWPT,
BO AUNG KYAW TERMINAL,MMRGN,BAKT,
MYANMAR INDUSTRIAL PORT (MIP),MMRGN,MIP,
MYANMAR INTERNATIONAL TERMINALS THILAWA (HUTCHISON MITT),MMRGN,MITT,
FRIENDSHIP PORT OF NOUAKCHOTT,MRNKC,PANPA,
MALTA FREEPORT TERMINALS LTD,MTMAR,FREE,
ALTAMIRA TERMINAL PORTUARIA,MXATM,ATP,
INFRAESTRUCTURA PORTUARIA MEXICANA S.A. DE C.V.,MXATM,IPM,
ENSENADA INTL TERMINAL SA DE CV,MXESE,EIT,
APM TERMINALS LAZARO CARDENAS TERMINAL DE CONTENEDORES II,MXLZC,APMT,
LAZARO CARDENAS TERMINAL PORTUARIA I,MXLZC,LCT,
TERMINAL MARITIMA DE MAZATLAN,MXMZT,TMAZ,
ADMINISTR. PORTUARIA INTEGRAL DE PROGRESO,MXPGO,TCY,
PUERTO CHIAPAS,MXTAP,PMD,
TUXPAN PORT TERMINAL,MXTUX,TPT,
INTERNACIONAL DE CONTENEDORES ASOCIADOS DE VERACRUZ (ICAVE) TEC II,MXVER,ICAVE,
CONTECON MANZANILLO,MXZLO,CMSA,
SSA MEXICO HOLDINGS,MXZLO,SSAMX,
TERMINAL INTL DE MANZANILLO (TIMSA),MXZLO,TIMSA,
PENANG PORT,MYPEN,PENP,
JOHOR PORT,MYPGU,JPB,
NORTHPORT MALAYSIA,MYPKG,NPM,
WESTPORT KELANG MULTI TERMINAL (KMT),MYPKG,KMT,
PORT OF TANJUNG PELEPAS (PTP),MYTPP,PTP,
DP WORLD MAPUTO,MZMPM,MIPS,
WALVIS BAY OCEAN TERMINAL,NAWVB,WVB,
APM TERMINALS APAPA,NGAPP,APMTER,
PORTS AND TERMINAL OPERATORS (PTOL),NGPHC,PTOL,
FIVE STAR TERMINAL TIN CAN ISLAND (TERMINAL D),NGTIN,FIVEST,
TIN CAN ISLAND CONTAINER TERMINAL TICT (TERMINAL B),NGTIN,TICT,
TIN CAN ISLAND PORT (TERMINAL C),NGTIN,TCIPC,
TIN CAN ISLAND PTML TERMINAL,NGTIN,PTML,
PORT OF CORINTO,NICIO,EPN,
AMSTERDAM CONTAINER TERMINAL (ACT),NLAMS,ACT,
APM TERMINALS ROTTERDAM MAASVLAKTE 2,NLRTM,NLMVII,
BARGE CENTER WAALHAVEN (BCW),NLRTM,RTMB,
ECT DELTA BARGE FEEDER TERMINAL (DBF),NLRTM,DBF,
ECT DELTA DEDICATED EAST (DDE),NLRTM,DDE,
ECT DELTA DEDICATED NORTH (DDN),NLRTM,DDN,
ECT DELTA TERMINAL GATE,NLRTM,DCD,
ECT EUROMAX TERMINAL (EMX),NLRTM,EMX,
HUTCHISON PORTS DELTA II,NLRTM,HPD2,
MATRANS ROTTERDAM TERMINAL,NLRTM,MATR,
RAIL SERVICE CENTER ROTTERDAM,NLRTM,RSC,
RBC TERMINAL ROTTERDAM,NLRTM,RBC,
ROTTERDAM CONTAINER TERMINAL (RCT) MAASVLAKTE,NLRTM,KRM,
ROTTERDAM SHORT SEA TERMINAL (RST) NORTH SIDE,NLRTM,RSN,
ROTTERDAM SHORT SEA TERMINAL (RST) SOUTH SIDE,NLRTM,RSZ,
ROTTERDAM STEINWEG BEATRIXHAVEN,NLRTM,NLSBH,
ROTTERDAM WORLD GATEWAY,NLRTM,RWG,
UNIPORT WAALHAVEN TERMINAL,NLRTM,UMTR,
WAALHAVEN BOTLEK TERMINAL (WBT),NLRTM,5049,
KLOOSTERBOER VLISSINGEN B.V.,NLVLI,KBV,
VERBRUGGE ZEELAND TERMINALS BV,NLVLI,VZT,
FLATHOLMEN CONTAINER TERMINAL,NOAES,FLAT,
FRIGOCARE TERMINAL,NOAES,FRI,
SKUTVIKA TERMINAL,NOAES,SKUTVI,
BERGEN DOKKEN VEST,NOBGO,BDV,
BORG HAVN FREDRIKSTAD-OERA,NOFRK,OERK,
LARVIK CONTAINER TERMINAL,NOLAR,NOLCT,
MOSS CONTAINER TERMINAL,NOMSS,MCT,
FILIPSTAD QUAY,NOOSL,NSF,
SJURSOYA SOUTH QUAY,NOOSL,SCT,
WESTPORT TERMINAL RISAVIKA,NOTAE,RIS,
PORTS OF AUCKLAND BLEDISLOE WHARF,NZAKL,PABW,
PORTS OF AUCKLAND FERGUSSON WHARF,NZAKL,PAFW,
PORTS OF AUCKLAND GENERAL WHARF,NZAKL,PAGW,
LYTTELTON PORT COMPANY,NZLYT,LPC,
NAPIER PORT,NZNPE,NPENZ,
PORT TARANAKI,NZNPL,PTAR,
PORT NELSON,NZNSN,PNEL,
PORT CHALMERS,NZPOE,POOT,
PRIMEPORT TIMARU,NZTIU,PTIM,
TIMARU CONTAINER TERMINAL,NZTIU,TCTL,
MOUNT MAUNGANUI PORT,NZTRG,MMP,
TAURANGA CONTAINER TERMINAL (SULPHUR POINT),NZTRG,TRGCT,
CENTREPORT WELLINGTON,NZWLG,CPW,
APM TERMINALS SALALAH,OMSLL,APMT,
OMAN INTERNATIONAL CONTAINER TERMINAL,OMSOH,OICT,
PPC CONTAINER TERMINAL BALBOA,PABLB,PPCBL,
PPC CONTAINER TERMINAL CRISTOBAL,PACTB,PCPPC,
MANZANILLO INTERNATIONAL TERMINAL (MIT),PAMIT,MIT,
COLON CONTAINER TERMINAL (CCT),PAONX,CCT,
PSA PANAMA INTERNATIONAL TERMINAL (PPIT),PAROD,PPIT,
APM TERMINALS CALLAO,PECLL,APMCLL,
DP WORLD CALLAO,PECLL,DPCLL,
TERMINALES PORTUARIOS EUROANDINOS (TPE),PEPAI,TPE,
PORT OF PAPEETE,PFPPT,POPA,
CEBU INTERNATIONAL PORT,PHCEB,CIP,
MANILA INTERNATIONAL CONTAINER TERMINAL (MICT),PHMNL,MIC,
NORTH HARBOR DOMESTIC PORT,PHMNL,NHDP,
SOUTH HARBOR CONTAINER TERMINAL,PHMNL,ATI,
QASIM INTERNATIONAL CONTAINER TERMINAL (QICT),PKBQM,QICT,
KARACHI INTERNATIONAL CONTAINER TERMINAL (KICT),PKKHI,KICT,
PAKISTAN INTERNATIONAL CONTAINER TERMINAL (PICT),PKKHI,PICT,
SOUTH ASIA PAKISTAN TERMINAL (SAPT),PKKHI,SAPT,
DEEPWATER CONTAINER TERMINAL,PLGDN,DCT,
GDANSKI TERMINAL KONTENEROWY (GTK),PLGDN,PLGDA,
BALTIC CONTAINER TERMINAL GDYNIA (BCT),PLGDY,PLBCT,
GDYNIA CONTAINER TERMINAL (GCT),PLGDY,PLGCT,
SZCZECIN CONTAINER TERMINAL,PLSZZ,DPSZ,
LUIS AYALA COLON,PRSJU,LACS,
"CANICAL PORT, MADEIRA",PTCNL,CSP,
FIGUEIRA DA FOZ TERMINAL,PTFDF,LISC,
"FUNCHAL PORT, MADEIRA",PTFNC,APRAM,
LEIXOES CONTAINER TERMINAL,PTLEI,TCLA,
BEATO MULTIPURPOSE TERMINAL (TMB),PTLIS,TMB,
LISBON MULTIPURPOSE TERMINAL (TML),PTLIS,OLIS,
LISCONT CONTAINER TERMINAL,PTLIS,LISC,
SANTA APOLONIA CONTAINER TERMINAL (TCSA),PTLIS,SOTA,
PORTO SANTO PORT,PTPXO,APRAM,
MULTI PURPOSE TERMINAL 1 - TERSADO,PTSET,APSS,
MULTI PURPOSE TERMINAL 2 - SADOPORT,PTSET,SADOP,
SINES CONTAINER TERMINAL,PTSIE,SCT,
PUERTO CAACUPE-MI ASUNCION,PYASU,CCPMI,
PUERTO FENIX,PYASU,PFNX,
PUERTO SAN JOSE (EMPEDRIL S.A.),PYASU,PSJ,
PUERTO CAACUPE-MI PILAR,PYPIL,CAP,
TERPORT SAN ANTONIO,PYSAN,TERSAN,
ANNP TERMINAL PORTUARIA VILLETA,PYVLL,ANNP,
PUERTO SEGURO FLUVIAL,PYVLL,PSF,
TERPORT VILLETA,PYVLL,TERVIL,
HAMAD CONTAINER TERMINAL (HCT),QAHMD,HCT,
S.A.M.R. (SOCIETE D'ACCONAGE ET DE MANUTENTION DE LA REUNION),RELPT,SAMR2,
CONSTANTA SOUTH CONTAINER TERMINAL (CSCT),ROCND,CSCT,
SOCEP CONTAINER TERMINAL,ROCND,SOCEP,
CONTAINER TERMINAL SAINT-PETERSBURG (CTSP),RULED,CTSP,
FIRST CONTAINER TERMINAL (FCT),RULED,FCT,
MOBY DIK TERMINAL KRONSHTADT,RULED,MOD,
MSCC PORT BRONKA,RULED,BRONKA,
NEVA METAL TERMINAL (NMT),RULED,NVM,
PETROLESPORT TERMINAL,RULED,PLP,
SEA FISHING PORT TERMINAL,RULED,SFP,
NUTEP CONTAINER TERMINAL,RUNVS,NUTEP,
UST-LUGA CONTAINER TERMINAL (ULCT),RUULU,ULCT,
PACIFIC LOGISTIC CONTAINER TERMINAL,RUVVO,PLCT,
VLADIVOSTOK CONTAINER TERMINAL (VMTP),RUVVO,VCT,
VLADIVOSTOK SEA CONTAINER TERMINAL (VMKT),RUVVO,VSCT,
VOSTOCHNAYA STEVEDORING COMPANY (VSC),RUVYP,VSC,
DAMMAM FIRST CONTAINER TERMINAL (FCT),SADMM,FCT,
DAMMAM SECOND CONTAINER TERMINAL (SCT),SADMM,SCT,
DP WORLD SOUTH CONTAINER TERMINAL JEDDAH (SCT),SAJED,DPW,
NORTHERN CONTAINER TERMINAL JEDDAH,SAJED,GCT,
RED SEA GATEWAY TERMINAL,SAJED,RSGT,
JUBAIL COMMERCIAL PORT,SAJUB,GSC,
KING ABDULLAH NATIONAL CONTAINER TERMINAL (NCT),SAKAC,KACT,
SOUTH PORT CONTAINER TERMINAL,SDPZU,SPC,
AHUS CONTAINER TERMINAL,SEAHU,AHU,
APM TERMINALS GOTHENBURG,SEGOT,CT1,
CAR TERMINAL GOTHENBURG,SEGOT,CAR,
RORO TERMINAL GOTHENBURG,SEGOT,RTG,
YILPORT CONTAINER TERMINAL GAVLE,SEGVX,GVXFS,
YILPORT TERMINAL GRANUDDEN,SEGVX,GVXGU,
KATTEGAT TERMINAL HALMSTAD,SEHAD,KTH,
SKANE TERMINAL,SEHEL,SKT,
WEST HARBOUR,SEHEL,VESTHA,
RORO TERMINAL KAPELLSKAR,SEKPS,RTK,
CMP CONTAINER TERMINAL MALMO,SEMMA,CMPSE,
PAMPUS CONTAINER TERMINAL,SENRK,SEPCT,
RORO TERMINAL NYNASHAMN,SENYN,RTN,
CONTAINER TERMINAL FRIHAMNEN,SESTO,CTS,
CONTAINER TERMINAL STOCKHOLM-NORVIK,SESTO,NCS,
RORO TERMINAL FRIHAMNEN,SESTO,RTF,
RORO TERMINAL SILJA (VARTAHAMNEN),SESTO,RTS,
RORO TERMINAL STOCKHOLM-NORVIK,SESTO,NRS,
RORO TERMINAL VIKING (STADSGARDEN),SESTO,RTV,
VASTERAS CONTAINER TERMINAL,SEVST,VSTCT,
BRANI TERMINAL,SGSIN,PSABT,
JURONG PORT,SGSIN,JPCT,
KEPPEL TERMINAL,SGSIN,PSAKT,
PASIR PANJANG TERMINAL 1,SGSIN,PSAPP1,
PASIR PANJANG TERMINAL 2,SGSIN,PSAPP2,
PASIR PANJANG TERMINAL 3,SGSIN,PSAPP3,
PASIR PANJANG TERMINAL 4,SGSIN,PSAPP4,
PASIR PANJANG TERMINAL 5,SGSIN,PSAPP5,
PASIR PANJANG TERMINAL 6,SGSIN,PSAPP6,
SEMBAWANG WHARVES,SGSIN,PSASW,
TANJONG PAGAR TERMINAL I,SGSIN,PSATPT,
PORT OF KOPER,SIKOP,LUKA,
PORT AUTONOME DE DAKAR,SNDKR,DPWSN,
PARAMARIBO NIEUWE HAVEN,SRPBM,PBM01,
PUERTO ACAJUTLA,SVAQJ,PUACA,
PUERTO LA UNION,SVLUN,PULUN,
LATTAKIA INTERNATIONAL CONTAINER TERMINAL (LICT),SYLTK,LICT,
TARTOUS INTERNATIONAL CONTAINER TERMINAL,SYTTS,TICT,
"BANGKOK PORT, KHLONG TOEI (PAT)",THBKK,PAT,
"EASTERN SEA LAEM CHABANG TERMINAL (ESCO), B3",THLCH,ESCO,
"EVERGREEN CONTAINER TERMINAL, B2",THLCH,LCHB2,
HUTCHISON LAEM CHABANG TERMINAL A3,THLCH,HLTA3,
HUTCHISON LAEM CHABANG TERMINAL C1/C2,THLCH,HLTC12,
HUTCHISON LAEM CHABANG TERMINAL D,THLCH,HLTD,
KERRY SIAM SEAPORT,THLCH,KSP,
"LAEM CHABANG INTERNATIONAL TERMINAL (LCIT), B5/C3",THLCH,LCIT,
"LAEM CHABANG MARINE TERMINAL (LCMT), A0",THLCH,LCHA0,
"LCB CONTAINER TERMINAL 1 (LCB1), B1",THLCH,LCHB1,
THAI LAEM CHABANG TERMINAL (TLT) A2,THLCH,TLTA2,
"TIPS CONTAINER TERMINAL, B4",THLCH,TIPS4,
SAHATHAI TERMINAL,THSCS,SHT,
RADES PORT,TNTUN,RAPO,
NEMPORT TERMINAL,TRALI,NEMPOR,
SOCAR ALIAGA TERMINAL,TRALI,APMALI,
TCEEGE CONTAINER TERMINAL,TRALI,TCEEG,
YILPORT CONTAINER TERMINAL GEBZE,TRGEB,YGCT,
BORUSAN PORT GEMLIK,TRGEM,BORU,
RODA PORT GEMLIK,TRGEM,RODA,
YILPORT TERMINAL GEMLIK (GEMPORT),TRGEM,GEMPOR,
ASSAN PORT ISKENDERUN,TRISK,ASSAN,
LIMAKPORT ISKENDERUN,TRISK,LIMAK,
KUMPORT TERMINAL,TRIST,KUMLI,
"MARDAS TERMINAL, AMBARLI PORT",TRIST,MRD,
MARPORT TERMINAL,TRIST,MRP,
TCDD ALSANCAK,TRIZM,TCDD,
EVYAPPORT,TRIZT,EVYAP,
IC KARASU PORT,TRKSP,ICKSP,
MERSIN INTERNATIONAL PORT (MIP),TRMER,MIP,
DP WORLD YARIMCA,TRYAR,DPWYAR,
PORT OF PORT OF SPAIN,TTPOS,PPOS,
PORT OF POINT LISAS,TTPTS,TPTS,
CCTC KEELUNG CONTAINER TERMINAL,TWKEL,WUDU,
TIPC KEELUNG WEST COAST CONTAINER TERMINAL,TWKEL,TIPC,
ULIC EASTERN PORT TERMINAL,TWKEL,ULIC,
CMA TERMINAL (W68-69),TWKHH,CMAKT,
EVERGREEN TERMINAL KCC4 (W115-W117),TWKHH,EMCKC4,
EVERGREEN TERMINAL KCC5 (W79-W81),TWKHH,EMCKC5,
HMM PACIFIC TERMINAL (W76-W78),TWKHH,HJPCT,
HMM TERMINAL (W118-W119),TWKHH,HMMT,
KAO MING TERMINAL (W108-W111),TWKHH,KMCT,
LIEN HAI TERMINAL (W42-W43),TWKHH,KHHPT,
OOCL TERMINAL (W65-W67),TWKHH,KAOCT,
WAN HAI TERMINAL (W63-W64),TWKHH,WHLT,
YANG MING TERMINAL (W70),TWKHH,YMLT,
TANZANIA INTERNATIONAL CONTAINER TERMINAL SERVICES (TICTS),TZDAR,TICTS,
BROOKLYN-KIEV PORT (BKP),UAODS,BROOKL,
CONTAINER TERMINAL ODESSA (CTO),UAODS,CTO,
TIS CONTAINER TERMINAL,UAYUZ,TISCT,
DUNDALK MARINE TERMINAL,USBAL,DMT,
SEAGIRT MARINE TERMINAL,USBAL,SMT,
HUGH K. LEATHERMAN TERMINAL (HLT),USCHS,HLT,
NORTH CHARLESTON MARINE TERMINAL,USCHS,NCMT,
WANDO WELCH MARINE TERMINAL,USCHS,WWMT,
"HONOLULU TERMINAL, PIER 1",USHNL,HSP1,
"HONOLULU TERMINAL, PIER 51",USHNL,PASHA,
MATSON TERMINAL,USHNL,MATS,
BARBOURS CUT MARINE TERMINAL,USHOU,BCMT,
BAYPORT TERMINAL,USHOU,BPTM,
JACINTOPORT,USHOU,JPI,
PORT OF WILMINGTON TERMINAL,USILM,NCSPA,
BLOUNT ISLAND MARINE TERMINAL,USJAX,BLOJX,
"DAMES POINT MARINE TERMINAL, BERTHS 16-17",USJAX,TRAJX,
TALLEYRAND MARINE TERMINAL,USJAX,TMT,
APM TERMINALS LOS ANGELES PIER 400,USLAX,APMT,
EVERPORT CONTAINER TERMINAL (ETS),USLAX,ETS,
FENIX MARINE CONTAINER TERMINAL (FMS),USLAX,EAGLE,
TRAPAC CONTAINER TERMINAL,USLAX,TRAP,
WEST BASIN CONTAINER TERMINAL (WBCT),USLAX,WBCT,
YUSEN CONTAINER TERMINAL (YTI),USLAX,YUSEN,
ITS LONG BEACH (PIER G),USLGB,ITS,
LONG BEACH CONTAINER TERMINAL (PIER E),USLGB,LBCT,
PACIFIC CONTAINER TERMINAL LONG BEACH (PIER J),USLGB,SSAPCT,
SSA TERMINAL A,USLGB,SSATA,
SSA TERMINAL C (MATSON),USLGB,MATU,
TOTAL TERMINALS INTERNATIONAL (PIER T),USLGB,TTI,
PORT OF MIAMI TERMINAL (POMTOC),USMIA,POM,
SEABOARD MARINE TERMINAL,USMIA,SML,
SOUTH FLORIDA CONTAINER TERMINAL (SFCT),USMIA,SOU,
APM TERMINALS MOBILE,USMOB,APMT,
NAPOLEON AVENUE CONTAINER TERMINAL,USMSY,NOLA,
NASHVILLE AVENUE TERMINAL,USMSY,NASH,
PORT HUENEME,USNTD,HUE,
APM TERMINALS ELIZABETH,USNYC,APMT,
GCT BAYONNE,USNYC,GTC,
GCT NEW YORK,USNYC,NYCT,
MAHER CONTAINER TERMINAL,USNYC,MAHER,
PORT NEWARK CONTAINER TERMINAL,USNYC,PNCT,
RED HOOK BARGE TERMINAL NEWARK,USNYC,RHBT,
RED HOOK CONTAINER TERMINAL,USNYC,RHCT,
BEN E. NUTTER TERMINAL,USOAK,BENT,
MATSON TERMINAL,USOAK,MATS,
OAKLAND INTERNATIONAL CONTAINER TERMINAL (OICT),USOAK,B58,
TRAPAC CONTAINER TERMINAL,USOAK,TPOAK,
NORFOLK INTERNATIONAL TERMINALS (NIT),USORF,NIT,
PORTLAND TERMINAL 6,USPDX,PT6,
FLORIDA INTERNATIONAL TERMINAL,USPEF,FIT,
HYDE SHIPPING TERMINAL,USPEF,HYDE,
PORT EVERGLADES TERMINAL,USPEF,PET,
PACKER AVENUE MARINE TERMINAL,USPHL,PAMT,
PSA PENN TERMINALS,USPHL,PSAP,
PORTSMOUTH MARINE TERMINAL (PMT),USPTM,PMT,
VIRGINIA INTERNATIONAL GATEWAY (VIG),USPTM,VIG,
VIRGINIA INTERNATIONAL GATEWAY (VIG),USORF,VIG,
GARDEN CITY MARINE TERMINAL,USSAV,GCMT,
OCEAN TERMINAL SAVANNAH,USSAV,OCT,
SSA TERMINAL T18,USSEA,SSA18,
SSA TERMINAL T30,USSEA,SSA30,
HUSKY TERMINAL,USTIW,HUSKY,
PIERCE COUNTY TERMINAL (PCT),USTIW,PCT,
WASHINGTON UNITED TERMINALS (WUT),USTIW,WUT,
WEST SITCUM TERMINAL,USTIW,WSIT,
MONTECON,UYMVD,MONTE,
TERMINAL CUENCA DEL PLATA,UYMVD,TCDP,
TERMINAL PORTUARIA PUNTA PEREIRA (TPPP),UYPTP,MDP,
PUERTO DE GUANTA,VEGUT,GUTGU,
TERMINAL ESPECIALIZADA DE CONTENEDORES (TEC),VELAG,TECLG,
BOLIPUERTOS PUERTO CABELLO,VEPBL,BOPBL,
CHUA VE PORT,VNHPH,CVP,
DINH VU PORT,VNHPH,DINHVU,
DOAN XA PORT,VNHPH,DOANXA,
GREENPORT,VNHPH,GREEN,
HAI AN PORT,VNHPH,HAIAN,
HAI PHONG INTERNATIONAL CONTAINER TERMINAL (HICT),VNHPH,VNCHL,
HAI PHONG TAN CANG 128,VNHPH,NP128,
HAI PHONG TAN CANG 189,VNHPH,TC189,
HOANG DIEU PORT (MAIN PORT),VNHPH,MAIN,
NAM DINH VU PORT,VNHPH,NDV,
NAM HAI DINH VU PORT,VNHPH,NHDV,
NAM HAI PORT,VNHPH,NAMHAI,
PTSC DINH VU PORT,VNHPH,PTSC,
TAN VU PORT,VNHPH,TANVU,
VIMC DINH VU PORT,VNHPH,VIMC,
VIP GREENPORT,VNHPH,VGR,
SOUTH VAN PHONG INTERNATIONAL PORT,VNNIH,SVP,
CAT LAI TERMINAL,VNSGN,CATLAI,
SAIGON PREMIER CONTAINER TERMINAL (SPCT),VNSGN,SPCT,
VIETNAM INTERNATIONAL CONTAINER TERMINALS (VICT),VNSGN,VICT,
CAI MEP INTERNATIONAL TERMINAL (CMIT),VNVUT,CMIT,
GEMALINK INTERNATIONAL PORT (GML),VNVUT,GML,
SP-SSA INTERNATIONAL TERMINAL (SSIT),VNVUT,VNSST,
TAN CANG - CAI MEP INTERNATIONAL TERMINAL (TCIT),VNVUT,TCIT,
TAN CANG - CAI MEP THI VAI TERMINAL (TCTT),VNVUT,TCTT,
PORT OF APIA,WSAPW,POA,
FRESH PRODUCE TERMINAL,ZACPT,FPT,
MULTI PURPOSE TERMINAL (MPT),ZACPT,TNCM,
TRANSNET PORT TERMINALS CAPE TOWN,ZACPT,TNCT,
DURBAN RORO TERMINAL,ZADUR,TNDRT,
GRINDROD MAYDON WHARF TERMINALS,ZADUR,GMWT,
TRANSNET PORT TERMINALS DURBAN PIER 1,ZADUR,TNP1,
TRANSNET PORT TERMINALS DURBAN PIER 2,ZADUR,TNP2,
TRANSNET PORT TERMINALS NGQURA,ZANGQ,TNNQ,
TRANSNET PORT TERMINALS PORT ELIZABETH,ZAPLZ,TNPE,
EPOLOG EXPORTVERPACKUNG UND LOGISTIK GMBH,DEHAM,,AKNM
Baltic Logistics Service GmbH,DEHAM,,ALNB
PROGECO SCHLUISGROVE,DEHAM,,BJTV
Braun Container Handels-GmbH,DEHAM,,BRAA
Hccr,DEHAM,,BUSA
CPS CONPAC PORT SERVICE GMBH,DEHAM,,CATK
Progeco Hamburg Deutschland Gmbh,DEHAM,,CDHA
Cdr container Depot,DEHAM,,CDUA
CMR Hamburg,DEHAM,,CMRA
CST Hamburg,DEHAM,,CTHA
Dcp Dettmer Container Packing,DEHAM,,DCBA
SCHWARZE & CONSORT. GMBH,DEHAM,,EGBO
Eurogate Container Terminal Hamburg (CTH),DEHAM,,EGHA
OCEANGATE DISTRIBUTION GMBH,DEHAM,,EROD
EUROKOMBI Terminal GmbH,DEHAM,,FXHE
Hhla Unikai Terminal,DEHAM,,HCCC
Container Terminal Tollerort (CTT),DEHAM,,HCCF
HCS Hamburger Container Service,DEHAM,,HCSA
Container Terminal Burchardkai (CTB),DEHAM,,HHLA
CONRO CONTAINER GMBH,DEHAM,,HLZX
Hanse-Repair,DEHAM,,HNSA
Hagendorf Planen Service,DEHAM,,HPSA
NEFAB PACKAGING GERMANY GMBH,DEHAM,,IJWC
Universal Container Systems,DEHAM,,JABG
SWT STEINWEG SUED-WEST-TERMINAL,DEHAM,,JHUP
GLOBAL PACKING CENTER GMBH,DEHAM,,KJKS
MEDREPAIR HAMBURG,DEHAM,,MNXR
CONTAINERPRUEFANLAGE (CPA),DEHAM,,MPAQ
PACKING CENTER HAMBURG,DEHAM,,NSHE
TRANSBALTIC UMSCHLAG & SPEDITIONS GMBH,DEHAM,,NVUD
HAFEN LAGER SERVICE GMBH,DEHAM,,ONXW
LOGISTIKZENTRUM HAMBURG GMBH,DEHAM,,PKUG
Ernst Logistik Depot,DEHAM,,PPWX
REMAIN GMBH,DEHAM,,RMAA
Remain Container-Depot Hamburg,DEHAM,,RMTD
MEDREPAIR HAMBURG,DEHAM,,ROSL
SWOP SEAWORTHY PACKING GMBH,DEHAM,,SMCU
Rexin Container Gruppe,DEHAM,,SRXA
Cotac Depot Hamburg,DEHAM,,UGIF
MT Container GmbH,DEHAM,,UVHP
HLD HANSA LOGISTIK UND DISTRIBUTION GMBH,DEHAM,,UVQI
LOGOO LOGISTIK GMBH NIEDERLASSUNG HAMBURG,DEHAM,,VEDT
SPEDITION KRAUSE,DEHAM,,VFKY
Bimicon Container-Service GmbH,DEHAM,,VOJM
UNITAINER Trading GmbH,DEHAM,,VWWG
HCCR HAMBURGER CONTAINER-/CHASSIS- REPARATUR GMBH.,DEHAM,,WDYM
SCHWARZE & CO,DEHAM,,WPAN
TCO TRANSCARGO GMBH,DEHAM,,WTJH
KROHN & SCHRODER GMBH,DEHAM,,WUXF
Rhenus Midgard Hamburg GmbH,DEHAM,,XKPB
"EUROBOSS, HAMBURG",DEHAM,,XNUK
LERO Internationale Spedition GmbH,DEHAM,,XOHH
DSV CARGO CENTER,DEHAM,,XPVU
Wilhelmsburger Container Service,DEHAM,,YALU
CONDACO & KTD-M GMBH,DEHAM,,YFDP
Container Care,GBLIV,,CCIA
J H TANK SERVICES LTD,GBLIV,,CHHG
CONTAINERS DIRECT LIVERPOOL,GBLIV,,CYEE
JMD Haulage Contractors,GBLIV,,JMDA
Haztank Services Ltd,GBLIV,,NRIX
THE MERSEY DOCKS AND HARBOUR COMPANY (RSCT) LIMITED.,GBLIV,,ORQC
Stafford Ltd,GBLIV,,QDIF
Freightliner Rail Containers Terminal Garston,GBLIV,,RUIK
GAP CONTAINER SERVICES LTD (CONTAINER DEPOT),GBLIV,,SLPZ
Eldapoint Ltd,GBLIV,,STRA
Viking Containers Limited,GBLIV,,VXWJ
IRS REFRIGERATION SERVICES LTD,GBLIV,,WKDV
MOBILE MINI(LIVERPOOL),GBLIV,,XUJO
Derrick Service S.r.l.,ITGOA,,ARQA
Auta Marocchi S.p.a.,ITGOA,,AUTA
G.L.S.,ITGOA,,AWRC
Derrick S.r.l.,ITGOA,,BCTA
PHOENIX INTERNATIONAL SRL,ITGOA,,BFTV
Derrick S.r.l.,ITGOA,,DERA
Derrick Srl,ITGOA,,DERB
GENOA TERMINAL S.P.A.,ITGOA,,HNSZ
DISTRIPARK CO VTR,ITGOA,,IGVC
DERRICK MESSINA,ITGOA,,JKCC
TERMINAL CONTENITORI PORTO  GENOVA SOUTHERN EUROPEAN CONTAINER HUB,ITGOA,,LELO
TERMINAL ABACO DISTRIPARK,ITGOA,,MNGG
Nuovo Borgo Terminal Containers S.r.l.,ITGOA,,NVBA
DERRICK S.R.L. CONTAINER DEPOT,ITGOA,,OIOG
REBORA ERZELLI 2,ITGOA,,ORZA
TERMINAL SAN GIORGIO S.R.L.,ITGOA,,PQZB
TERMINAL PARODI SPA,ITGOA,,QQGV
NUOVO BORGO TERMINAL CONTAINERS SRL,ITGOA,,RYTP
PSA GENOVA PRA S.P.A.,ITGOA,,SZAA
SOGECO DEPOSITI SRL A SOCIO UNICO,ITGOA,,TDLL
EPICON S.R.L. TRITON STOCK,ITGOA,,VKEA
Voltri Terminal Riparazioni  S.r.l.,ITGOA,,VTRA
SPINELLI SRL REBORA DEP GENOVA PORTO,ITGOA,,WLNS
IRS ITALIAN REEFER SERVICE SRL,ITGOA,,YPFN
Industrie Rebora S.R.L.,ITGOA,,YTEB
VTR - DISTRIPARK,ITGOA,,ZGHO
ECT HOME,NLRTM,,AGCP
ROTTERDAM WORLD GATEWAY B.V.,NLRTM,,ALPW
KOOLWIJK POLSBROEK,NLRTM,,APJO
ASPENAL B.V.,NLRTM,,ASLA
Burg Service Bv,NLRTM,,BURA
DEPOT BOENDER / FRANKLIN,NLRTM,,BWYT
CARU Containers,NLRTM,,CARA
Star Container Services BV,NLRTM,,CESA
Cetem Containers,NLRTM,,CETA
C. Steinweg - Handelsveem B.V.,NLRTM,,CSSA
Cotac,NLRTM,,CTCA
Boasso Global Netherlands,NLRTM,,DHCA
APM II TERMINAL ROTTERDAM,NLRTM,,DIVO
Delta Reefer Care B.V.,NLRTM,,DTFA
Holland Tank Service Bv,NLRTM,,HRBB
VAN DOORN DEPOT,NLRTM,,HYSJ
KLOOSTERBOER COOL PORT B.V,NLRTM,,IRTD
UCT - 2,NLRTM,,IZNU
RAIL SERVICE CENTER ROTTERDAM B.V.,NLRTM,,JWSB
HACON Containers B.V..,NLRTM,,KCOI
APM TERMINALS ROTTERDAM B.V. (APM 1),NLRTM,,KXKX
MAINPORT REEFER SERVICES,NLRTM,,MBBA
MCS city Terminal c/o Zwennis,NLRTM,,MOBF
Kramer depot (Zwennis),NLRTM,,MOBK
Kramer Home-depot (Zwennis),NLRTM,,MOBV
Trans Container Services / Niek Dijkstra,NLRTM,,NDTA
BOX2TRADE DEPOT,NLRTM,,NNHA
ACCESS WORLD ROTTERDAM BV,NLRTM,,NPIF
NTC Botlek Tank Container Services BV,NLRTM,,NTSA
CCSC Container&Cargo Service Center,NLRTM,,OAPR
ROTTERDAM CONTAINER TERMINAL BV,NLRTM,,OEME
KRAMER DELTA CONTAINER SERVICES,NLRTM,,OQEP
BROEKMAN DISTRIPORT (BOTLEK),NLRTM,,OTHM
EUROMAX TERMINAL ROTTERDAM B.V.,NLRTM,,PKJU
Mainport Rotterdam Services BV,NLRTM,,PKMB
HACON DEPOT ROTTERDAM,NLRTM,,PUCS
Kramer Depot RTW2,NLRTM,,PWWR
Alconet B.V.,NLRTM,,PYVT
Zwennis Containers bv c/o PCSB,NLRTM,,PZAW
DUTCH TRADING CONSORTIUM B.V.,NLRTM,,QLEK
Zwennis Containers bv c/o PCSA,NLRTM,,QLSX
STEINWEG - PIER 2,NLRTM,,QPJF
Progeco Holland B.V. Depot 2.,NLRTM,,RNRO
BCW DEPOT,NLRTM,,RPGL
Overbeek Container Control (OCC) B.V.,NLRTM,,RRWB
Rotterdam Shortsea Terminals,NLRTM,,RSSA
Seamark Reefer Service B.V.,NLRTM,,SMKM
CONTAINER TRADING AND LEASING,NLRTM,,SQPO
MEDREPAIR EEMHAVEN,NLRTM,,SWXH
Progeco Holland,NLRTM,,TPRO
SCA MATRANS TERMINAL,NLRTM,,UBHG
United Container Transport B.V.,NLRTM,,UCTA
United Waalhaven Terminals Botlek,NLRTM,,UCTB
C. STEINWEG HANDELSVEEM BV LOCATION BEATRIXTERM./BEATRIXHAVEN,NLRTM,,UEEC
United Waalhaven Terminals,NLRTM,,UWTB
DR DEPOT BV,NLRTM,,UXOI
B&T Container Trading,NLRTM,,WCMC
KRAMER CONTAINER REPAIRS BV,NLRTM,,WCZO
United Waalhaven Terminals B.V.,NLRTM,,WLAA
STEINWEG,NLRTM,,WLIA
KC TRADING BV,NLRTM,,WUKC
HAPAG LLOYD DEPOT ROTTERDAM,NLRTM,,YLEI
Combi Terminal Twente Rotterdam,NLRTM,,YNJL
