Carrier Certificate Group Name,Carrier Certificate Group Description
Shipment-Voyage Particulars 1,
Shipment-Voyage Particulars 2,
Shipment-Voyage Particulars 3,
Shipment-Voyage Particulars 4,
Shipment-Voyage Particulars 5,
Shipment-Voyage Particulars 6,
Shipment-Voyage Particulars 7,
Vessel Particulars 1,
Vessel Particulars 2,
Vessel Particulars 3,
Vessel Particulars 4,
Vessel Particulars 5,
Vessel Particulars 6,
Vessel Particulars 7,
Vessel Particulars 8,
Vessel Particulars 9,
Vessel Particulars 10,
Vessel Particulars 11,
Vessel Particulars 12,
Vessel Particulars 13,
Vessel Particulars 14,
Vessel Particulars 15,
Vessel Particulars 16,
Vessel Particulars 17,
Vessel Particulars 18,
